Jugador,categoria,Partidos,Minutos_jugados,Goles,Asistencias,Paradas,Goles_encajados,Tiros,Tiros_a_ puerta,Precision_tiros,Centros,Centros_ precisos,Precision_centros,Tiros_al palo,Corners_forzados,Faltas_recibidas,Faltas_cometidas,Pases_interceptados,Balones_robados,Balones_robado al_ultimo_hombre,Tarjetas_amarillas,Tarjetas_rojas,Penaltis_cometidos,Penaltis_forzados,Penaltis_lanzados,Penaltis_anotados,Penaltis_parados,Goles_en_propia_meta,Tiros_bloqueados,Errores_en_gol_en_contra,Regates_con_exito,Pasesconexito,Precisionpases,Cornerscolgados,Faltascolgadas,Faltascolgadasprecisas,Faltas directas,Faltasdirectasapuerta,Golesdefalta
Eden Hazard,3,11,803,1,2,0,0,13,9,69,16,3,19,0,11,38,12,5,3,0,0,0,0,3,0,0,0,0,0,0,39,15,86,1,0,0,0,0,0
Adnan Januzaj,3,17,804,2,3,0,0,19,5,26,36,9,25,0,8,25,18,3,7,0,2,0,0,0,0,0,0,0,1,0,20,17,68,11,3,0,2,0,0
Pione Sisto,3,20,804,2,0,0,0,27,14,52,37,6,16,0,9,26,8,4,9,0,2,0,0,0,0,0,0,0,0,1,24,9,83,12,6,1,1,0,0
Alfonso Pedraza,2,13,808,0,0,0,0,9,300,33,19,500,26,0,6,14,10,10,13,0,1,0,0,0,0,0,0,0,6,0,13,700,75,0,0,0,0,0,0
Jeison Murillo,2,9,810,0,0,0,0,2,100,50,1,0,0,0,1,10,11,9,12,0,2,0,0,0,0,0,0,0,9,0,1,0,83,0,2,0,0,0,0
Sidnei,2,10,815,1,0,0,0,3,200,67,0,0,0,0,1,4,6,17,11,0,0,0,1,0,0,0,0,0,9,0,4,0,89,0,8,0,0,0,0
Erick Cabaco,2,12,816,0,0,0,0,4,0,0,1,0,0,0,2,7,7,13,8,0,4,0,0,0,0,0,0,0,7,0,4,200,75,0,7,0,0,0,0
Junior Firpo,2,13,819,1,0,0,0,4,100,25,7,300,43,0,4,12,28,13,13,0,3,0,0,0,0,0,0,0,3,1,7,800,89,0,1,0,0,0,0
Thomas Lemar,3,18,838,0,0,0,0,8,2,25,25,9,36,0,1,10,6,6,9,0,1,0,0,0,0,0,0,0,1,0,19,6,83,13,7,1,2,1,0
Samuel Umtiti,2,11,841,0,0,0,0,0,0,0,0,0,0,0,0,14,17,24,4,0,4,0,0,0,0,0,0,0,2,0,8,0,93,0,6,0,0,0,0
Cucho Hernndez,4,13,843,2,1,0,0,27,9,33,13,4,31,0,6,18,11,5,4,0,3,0,1,0,0,0,0,0,0,0,15,8,63,0,0,0,0,0,0
Hctor Herrera,3,15,846,0,1,0,0,12,1,8,23,8,35,0,4,11,13,15,19,0,0,0,0,0,0,0,0,0,4,0,10,17,88,8,9,4,0,0,0
Daniel Carrio,2,11,848,0,0,0,0,6,0,0,0,0,0,0,0,2,8,8,3,0,3,0,0,0,0,0,0,0,3,0,3,100,90,0,3,0,0,0,0
Adri Pedrosa,2,14,857,1,0,0,0,12,500,42,25,400,16,0,3,11,7,8,7,0,1,0,0,0,0,0,0,0,0,0,14,300,76,0,3,0,0,0,0
Gonzalo Melero,3,17,864,2,1,0,0,16,7,44,2,1,50,0,4,23,20,5,9,0,3,0,0,0,1,1,0,0,3,0,4,8,81,0,0,0,0,0,0
Isco Alarcn,3,16,867,1,0,0,0,17,10,59,29,4,14,0,4,19,9,3,8,0,1,0,0,0,0,0,0,0,0,0,26,17,88,1,0,0,2,0,0
Jason,3,11,867,1,4,0,0,16,5,31,59,13,22,0,10,20,16,14,14,0,5,0,0,0,0,0,0,0,3,0,17,17,62,18,9,1,2,2,0
Diego Costa,4,14,870,3,2,0,0,18,4,22,3,0,0,0,5,12,16,1,2,0,2,0,0,0,2,1,0,0,1,0,7,9,67,0,1,0,0,0,0
Adrin Lpez,4,17,882,0,0,0,0,11,4,36,10,2,20,0,8,4,5,1,2,0,0,0,0,0,0,0,0,0,1,0,13,19,72,0,0,0,0,0,0
Ramn Azeez,3,17,882,2,0,0,0,17,2,12,6,1,17,1,6,15,24,11,7,0,3,0,0,0,0,0,0,0,1,0,2,3,80,0,0,0,0,0,0
ngel Montoro,3,12,883,1,4,0,0,11,4,36,44,13,30,0,6,15,21,12,8,1,5,0,0,0,0,0,0,0,2,0,7,17,81,18,32,1,1,1,0
Oliver Burke,3,22,884,1,1,0,0,14,3,21,10,0,0,0,10,8,13,8,12,0,2,0,0,0,0,0,0,0,0,0,19,3,67,0,0,0,0,0,0
Zou Feddal,2,11,891,0,1,0,0,3,100,33,0,0,0,1,1,7,15,19,8,0,7,2,0,0,0,0,0,0,3,0,2,200,85,0,7,0,0,0,0
Nolito,4,15,897,3,0,0,0,30,12,40,14,2,14,0,7,9,22,1,12,0,0,0,0,1,0,0,0,0,0,0,10,10,79,1,0,0,0,0,0
Vctor Gmez,2,13,898,0,0,0,0,4,0,0,49,1100,22,0,8,19,14,9,6,0,2,0,1,0,0,0,0,1,0,0,6,800,68,1,0,0,0,0,0
Franco Vzquez,3,24,915,3,0,0,0,15,6,40,16,2,13,0,6,34,22,8,15,0,4,0,0,0,0,0,0,0,0,0,17,6,87,2,0,0,0,0,0
go Cdoba,3,15,924,1,2,0,0,17,4,24,24,5,21,0,2,12,19,6,15,0,4,0,0,0,0,0,0,0,2,0,8,9,74,0,0,0,0,0,0
Aritz Elustondo,2,13,929,0,1,0,0,4,0,0,0,0,0,0,1,6,5,10,13,0,1,0,0,0,0,0,0,0,8,0,0,200,80,0,12,0,0,0,0
Toms Pina,3,14,930,1,0,0,0,1,1,100,1,0,0,0,0,14,27,12,19,0,3,0,0,1,0,0,0,0,4,0,9,3,81,0,0,0,0,0,0
Fran Mrida,3,17,931,0,0,0,0,12,2,17,13,3,23,0,7,15,14,27,7,0,8,1,0,0,0,0,0,0,3,0,19,9,77,2,5,0,0,0,0
Ander Guevara,3,14,936,0,0,0,0,3,0,0,2,1,50,0,0,5,27,10,13,0,4,0,0,0,0,0,0,0,3,0,11,7,85,0,1,0,0,0,0
Vinicius Junior,4,20,936,2,1,0,0,31,14,45,27,5,19,0,8,18,13,3,8,0,3,0,0,0,0,0,0,0,0,0,35,16,81,0,0,0,0,0,0
Charles Dias,4,21,940,5,0,0,0,20,10,50,2,1,50,0,4,14,30,4,2,0,5,0,0,0,2,1,0,0,1,0,1,7,67,0,0,0,0,0,0
Yan Brice Eteki,3,18,942,0,0,0,0,5,0,0,0,0,0,1,1,18,40,8,15,0,4,0,0,0,0,0,0,0,3,1,14,4,78,0,0,0,0,0,0
Xabier Etxeita,2,11,945,0,0,0,0,1,0,0,1,0,0,0,4,7,14,13,8,0,6,0,0,0,0,0,0,0,4,0,2,100,53,0,8,0,0,0,0
Matas Vargas,3,17,955,0,3,0,0,19,2,11,39,9,23,0,12,19,8,2,6,0,1,0,0,0,0,0,0,0,2,0,24,17,69,13,2,0,1,0,0
Jaume Costa,2,13,962,0,0,0,0,2,100,50,20,200,10,0,10,16,14,15,21,0,2,0,0,0,0,0,0,0,6,0,11,500,82,0,1,0,0,0,0
Ral Garca C.,2,12,962,0,1,0,0,7,300,43,74,1800,24,0,7,8,10,8,14,0,2,0,1,0,0,0,0,0,2,0,8,1000,71,4,11,1,0,0,0
Unai Nez,2,13,962,0,0,0,0,4,200,50,1,0,0,0,0,4,15,16,7,0,5,0,0,0,0,0,0,1,10,0,3,100,81,0,3,0,0,0,0
Arturo Vidal,3,23,976,7,2,0,0,15,9,60,7,2,29,0,2,16,29,11,28,0,4,0,1,0,0,0,0,0,4,1,4,13,87,0,0,0,0,0,0
Jon Moncayola,3,18,976,1,0,0,0,7,2,29,7,1,14,0,1,3,21,10,16,0,4,0,0,0,0,0,0,0,4,0,5,6,75,0,1,0,0,0,0
Fernando Calero,2,14,978,0,0,0,0,0,0,0,0,0,0,0,0,5,7,7,8,0,4,1,0,0,0,0,0,0,4,1,1,0,86,0,1,0,0,0,0
Juan Soriano,1,11,990,0,0,22,18,1,1,100,0,0,0,0,1,1,1,0,0,0,2,0,1,0,0,0,0,0,0,0,0,0,45,0,0,0,0,0,0
Karl Toko Ekambi,4,18,993,6,2,0,0,39,19,49,4,1,25,0,6,7,7,3,3,0,0,0,1,0,0,0,0,0,0,0,20,10,79,0,0,0,0,0,0
Ivan Rakitic,3,22,1012,0,3,0,0,18,5,28,13,4,31,0,6,26,14,10,6,0,2,0,0,0,0,0,0,0,4,0,5,9,88,8,2,0,0,0,0
Mario Hermoso,2,14,1013,0,0,0,0,3,200,67,2,0,0,0,3,8,14,13,7,0,2,0,0,0,0,0,0,0,4,0,6,100,78,0,5,0,0,0,0
Arthur Melo,3,17,1023,3,3,0,0,8,5,63,12,2,17,0,3,39,11,3,9,0,1,0,0,0,0,0,0,0,0,0,30,11,92,9,3,0,0,0,0
Gareth Bale,4,15,1023,2,2,0,0,31,11,35,45,9,20,0,8,10,15,6,4,0,4,1,0,0,0,0,0,0,2,0,17,12,80,0,0,0,3,1,0
Sergio Herrera,1,12,1025,0,0,34,21,0,0,0,0,0,0,0,0,6,1,1,1,0,2,1,0,0,0,0,0,0,0,1,3,0,48,0,4,0,0,0,0
Mathias Olivera,2,14,1026,0,1,0,0,3,0,0,25,400,16,1,3,11,18,16,22,0,4,1,0,0,0,0,0,0,1,0,12,400,51,0,5,0,0,0,0
Marcelo,2,12,1028,1,2,0,0,14,500,36,52,1400,27,0,10,13,5,14,5,1,2,0,0,1,0,0,0,0,2,0,13,2300,85,0,1,0,0,0,0
Facundo Roncaglia,2,13,1033,1,0,0,0,2,100,50,9,100,11,0,0,9,15,13,16,0,4,2,2,0,0,0,0,0,3,0,11,400,78,0,5,0,0,0,0
Vitolo,3,21,1037,2,1,0,0,15,9,60,5,2,40,0,11,36,20,9,9,0,3,0,0,0,0,0,0,0,0,0,30,10,81,0,0,0,0,0,0
Jos Antonio Martnez,2,16,1038,0,0,0,0,2,0,0,1,0,0,0,0,7,4,19,14,0,0,0,0,0,0,0,0,0,3,0,3,0,74,0,10,0,0,0,0
Brais Mndez,3,21,1046,0,1,0,0,18,6,33,28,4,14,0,7,30,19,9,10,0,2,0,0,0,0,0,0,0,0,0,16,9,74,5,3,1,0,0,0
Jaume Domnech,1,12,1054,0,0,51,20,0,0,0,0,0,0,0,0,0,0,1,1,0,1,0,0,0,0,0,0,0,0,0,0,0,61,0,9,0,0,0,0
Alexander Isak,4,27,1064,7,1,0,0,34,16,47,7,3,43,0,10,9,16,3,2,0,2,0,0,0,0,0,0,0,0,0,10,10,74,0,0,0,0,0,0
Pedro Bigas,2,15,1070,2,0,0,0,6,300,50,8,200,25,1,1,13,7,19,7,0,2,0,1,0,0,0,0,0,9,0,0,200,69,0,6,0,0,0,0
Jos Mara Gimnez,2,12,1080,0,0,0,0,7,200,29,0,0,0,0,1,10,7,13,11,0,0,0,0,0,0,0,0,0,3,0,3,0,85,0,11,0,0,0,0
Kevin Gameiro,4,20,1080,5,1,0,0,15,7,47,13,0,0,0,9,11,10,4,9,0,0,0,0,0,1,0,0,0,0,0,14,8,77,0,0,0,0,0,0
Guido Carrillo,4,21,1082,1,2,0,0,31,12,39,3,0,0,1,3,24,27,1,10,0,1,0,0,0,0,0,0,0,1,0,4,10,63,0,0,0,0,0,0
Sandro Ramrez,4,20,1092,3,1,0,0,36,13,36,30,8,27,1,6,35,15,4,10,0,2,0,0,1,1,0,0,0,1,0,14,10,73,9,0,0,3,2,0
Mouctar Diakhaby,2,17,1094,0,0,0,0,0,0,0,1,100,100,0,0,12,15,10,8,1,3,0,1,0,0,0,0,0,13,0,3,100,88,0,2,0,0,0,0
Toni Villa,3,18,1103,0,1,0,0,15,4,27,24,6,25,0,10,30,14,8,11,0,4,0,0,0,0,0,0,0,1,0,35,11,76,0,1,0,0,0,0
Pablo de Blasis,3,22,1117,0,3,0,0,6,1,17,64,14,22,0,5,11,11,20,24,0,0,0,1,0,0,0,0,0,0,0,9,13,72,5,9,1,1,0,0
ngel Rodrguez,4,25,1137,10,2,0,0,40,19,48,24,2,8,1,14,24,44,3,6,0,4,0,0,0,1,1,0,0,1,0,16,17,63,0,0,0,0,0,0
Kike Garca,4,18,1148,3,0,0,0,35,9,26,10,1,10,1,8,15,33,1,5,0,2,0,0,0,0,0,0,0,0,0,3,9,65,0,0,0,0,0,0
Fede San Emeterio,3,15,1149,0,0,0,0,1,0,0,3,0,0,0,0,19,23,21,11,0,4,0,0,0,0,0,0,0,3,0,2,5,81,0,2,0,0,0,0
Nikola Vukcevic,3,23,1156,0,2,0,0,4,1,25,1,0,0,0,2,20,33,10,21,0,9,0,0,0,0,0,0,0,5,0,7,6,86,0,1,0,0,0,0
Ferland Mendy,2,17,1177,0,1,0,0,6,200,33,54,1000,19,0,11,15,18,18,19,0,6,1,0,0,0,0,0,0,4,0,30,1400,86,0,0,0,0,0,0
Too Garca,2,15,1189,0,2,0,0,1,0,0,42,1200,29,0,8,13,13,8,14,0,0,0,0,0,0,0,0,0,1,0,10,1400,78,0,6,0,0,0,0
liver Torres,3,21,1191,1,3,0,0,12,7,58,32,7,22,0,8,14,25,9,22,0,5,0,0,0,0,0,0,0,1,0,19,20,82,3,2,0,0,0,0
lvaro Tejero,2,15,1192,0,0,0,0,4,100,25,65,2000,31,0,8,15,15,24,16,0,3,0,0,0,0,0,0,0,4,0,3,1500,72,0,3,0,0,0,0
Wu Lei,4,23,1201,4,0,0,0,33,11,33,18,2,11,0,11,12,16,11,6,0,3,0,0,0,0,0,0,0,1,0,12,11,68,0,0,0,0,0,0
Unai Lpez,3,18,1205,1,3,0,0,18,4,22,71,23,32,0,9,13,24,12,17,0,6,0,0,0,0,0,0,0,1,0,10,22,87,27,29,4,3,1,1
Javi Lpez,2,15,1212,0,0,0,0,3,0,0,29,900,31,0,1,22,25,19,29,0,5,1,1,0,0,0,0,0,5,1,17,800,70,0,0,0,0,0,0
Geoffrey Kondogbia,3,17,1216,1,0,0,0,11,1,9,0,0,0,0,0,15,24,34,22,0,5,0,1,0,0,0,0,0,5,0,12,3,82,0,0,0,0,0,0
lvaro Vadillo,3,22,1219,3,1,0,0,17,5,29,93,29,31,0,16,20,9,7,10,0,0,0,0,0,1,1,0,0,0,0,21,21,75,35,21,6,12,1,1
Luis Rioja,3,20,1221,0,0,0,0,7,1,14,49,9,18,0,13,10,15,15,6,0,3,0,0,0,0,0,0,0,0,0,18,13,75,2,7,3,0,0,0
Rubn Martnez,1,15,1223,0,0,25,14,0,0,0,0,0,0,0,0,1,0,1,1,0,0,0,0,0,0,0,0,0,0,0,1,0,47,0,1,0,0,0,0
Naldo Gomes,2,16,1233,0,1,0,0,9,0,0,2,100,50,0,1,4,18,19,12,0,7,1,0,0,0,0,0,0,6,0,3,300,84,0,4,0,0,0,0
Manu Trigueros,3,21,1235,2,4,0,0,20,8,40,25,7,28,0,4,26,22,3,17,0,4,0,0,0,1,1,0,0,9,0,18,30,88,14,3,0,1,0,0
Joaqun Fernndez,3,15,1254,1,0,0,0,8,3,38,0,0,0,0,0,6,26,24,21,0,7,0,0,0,0,0,0,0,6,1,6,3,79,0,6,0,0,0,0
Nacho Martnez,2,15,1265,0,2,0,0,6,0,0,43,600,14,0,9,10,20,17,14,0,2,0,0,0,0,0,0,0,6,0,7,1700,70,0,16,1,0,0,0
Fran Beltrn,3,20,1268,0,0,0,0,9,2,22,10,2,20,0,0,8,11,13,14,0,2,1,1,0,0,0,0,0,1,0,15,10,89,1,3,0,0,0,0
Federico Valverde,3,23,1274,2,4,0,0,20,9,45,11,2,18,0,5,7,15,19,16,0,1,0,0,0,0,0,0,0,3,0,14,15,87,0,0,0,0,0,0
Fran Gmez,2,15,1275,0,1,0,0,10,100,10,41,800,20,0,5,3,20,26,36,0,2,0,1,0,0,0,0,0,8,0,12,800,74,0,0,0,0,0,0
Mubarak Wakaso,3,16,1285,0,0,0,0,14,1,7,15,1,7,0,0,24,41,20,32,1,12,1,0,0,0,0,0,0,5,1,26,5,76,0,4,0,0,0,0
Roberto Rosales,2,16,1285,0,1,0,0,3,100,33,58,1300,22,0,6,5,22,20,18,0,5,0,0,0,0,0,0,0,3,0,7,1600,69,4,2,1,1,0,0
Recio,3,19,1309,0,0,0,0,20,7,35,20,4,20,0,7,39,33,17,13,0,9,0,0,0,0,0,0,0,3,0,13,10,88,3,7,0,0,0,0
Luis Surez,4,18,1310,11,8,0,0,54,31,57,9,4,44,3,11,16,13,0,0,0,4,0,0,0,1,1,0,0,1,0,19,20,75,0,0,0,1,0,0
Rubn Rochina,3,20,1317,3,1,0,0,48,11,23,52,10,19,0,12,40,23,11,18,0,4,0,0,1,0,0,0,0,0,0,37,18,76,21,11,1,3,1,0
Alcaraz,3,18,1323,2,1,0,0,23,6,26,23,5,22,0,4,41,25,10,21,0,7,0,1,0,0,0,0,0,10,0,20,10,79,9,35,3,6,0,0
Joan Sastre,2,16,1324,0,2,0,0,15,100,7,63,1500,24,0,5,19,18,22,18,0,4,0,1,0,0,0,0,0,2,0,2,1400,71,0,4,1,1,0,0
Denis Surez,3,21,1326,1,3,0,0,15,7,47,82,22,27,0,10,30,13,13,10,0,3,0,0,1,1,0,0,0,1,0,45,35,82,42,15,1,0,0,0
Carlos Clerc,2,15,1348,0,2,0,0,2,0,0,43,400,9,0,4,14,16,19,14,0,4,0,0,0,0,0,0,0,4,0,15,500,70,0,4,0,0,0,0
Stefan Savic,2,15,1350,0,0,0,0,2,200,100,0,0,0,0,0,8,11,21,12,0,3,0,0,0,0,0,0,1,10,0,2,200,80,0,8,0,0,0,0
Xavi Quintill,2,16,1371,0,2,0,0,3,100,33,73,900,12,0,9,11,24,9,10,0,5,0,0,0,0,0,0,0,4,0,4,1900,85,2,6,0,2,0,0
Dimitrios Siovas,2,18,1378,0,0,0,0,10,300,30,5,0,0,0,2,5,17,32,27,0,5,0,1,0,0,0,0,0,0,0,2,200,72,0,14,0,0,0,0
Stanislav Lobotka,3,17,1383,0,0,0,0,8,3,38,4,0,0,0,6,21,11,8,11,0,1,0,0,0,0,0,0,0,2,0,10,9,89,1,2,0,0,0,0
Aleix Febas,3,23,1401,0,3,0,0,8,4,50,2,0,0,0,4,36,13,14,21,0,3,0,0,1,0,0,0,0,0,0,33,20,83,0,0,0,0,0,0
Nlson Semedo,2,22,1406,0,2,0,0,4,0,0,10,200,20,2,10,24,16,17,22,0,1,0,0,1,0,0,0,0,1,0,32,600,88,0,0,0,0,0,0
Okay Yokuslu,3,17,1406,0,1,0,0,6,1,17,3,1,33,0,2,10,31,22,17,0,3,0,0,0,0,0,0,0,2,0,17,7,81,0,0,0,0,0,0
Joo Flix,4,20,1409,4,1,0,0,50,14,28,17,2,12,0,12,34,27,7,3,0,5,0,0,1,0,0,0,0,0,0,19,12,79,1,1,0,2,0,0
Gonzalo Escalante,3,20,1410,0,1,0,0,19,4,21,14,3,21,0,3,26,28,25,23,0,7,1,0,1,0,0,0,0,3,0,13,9,69,0,2,0,0,0,0
Rubn Pea,2,19,1418,1,1,0,0,5,200,40,66,1200,18,1,10,19,29,22,17,0,5,0,0,0,0,0,0,1,5,0,16,1400,81,0,1,0,0,0,0
Nemanja Radoja,3,18,1436,1,0,0,0,1,1,100,5,2,40,0,1,16,13,18,13,0,2,0,0,0,0,0,0,0,1,0,16,5,86,0,0,0,0,0,0
Ezequiel Garay,2,17,1437,0,0,0,0,6,300,50,2,0,0,0,4,1,10,13,8,0,2,0,1,0,0,0,0,0,17,0,0,300,88,0,4,0,0,0,0
Luka Modric,3,23,1439,3,4,0,0,21,9,43,44,12,27,0,8,16,19,18,10,0,3,1,0,1,0,0,0,0,2,0,22,28,88,14,6,2,0,0,0
Jonathan Calleri,4,20,1443,1,3,0,0,38,11,29,20,5,25,2,14,38,38,7,7,0,3,0,0,0,0,0,0,0,3,0,16,16,54,0,0,0,0,0,0
Willian Jos,4,26,1443,9,0,0,0,43,15,35,6,0,0,0,2,12,22,0,2,0,4,0,0,0,0,0,0,0,2,0,4,12,71,0,0,0,1,0,0
Carlos Soler,3,19,1444,2,0,0,0,14,4,29,14,4,29,1,1,13,20,9,7,0,3,0,0,0,0,0,0,0,5,0,13,11,79,6,2,0,0,0,0
Borja Iglesias,4,25,1454,3,2,0,0,23,7,30,5,1,20,1,9,13,28,3,5,0,1,1,1,0,0,0,0,0,4,0,11,15,75,0,0,0,0,0,0
Rodrigo Moreno,4,22,1460,3,7,0,0,34,13,38,21,7,33,1,4,24,14,7,3,0,2,1,0,2,0,0,0,0,1,0,19,26,77,0,0,0,0,0,0
Kevin Rodrigues,2,20,1462,1,2,0,0,15,600,40,103,2900,28,0,8,16,32,23,25,0,4,1,0,0,0,0,0,0,3,0,23,2400,74,25,20,9,1,0,0
Jordi Alba,2,18,1465,2,2,0,0,5,200,40,44,900,20,0,9,12,10,24,7,0,5,0,0,0,0,0,0,0,1,0,11,2000,89,0,0,0,0,0,0
Jasper Cillessen,1,17,1466,0,1,49,20,0,0,0,0,0,0,0,0,2,0,3,0,0,1,0,0,0,0,0,2,0,0,1,0,1,56,0,7,0,0,0,0
Samuel Chukwueze,3,27,1466,3,1,0,0,38,10,26,30,6,20,0,14,32,10,4,11,0,1,0,0,2,0,0,0,0,1,1,44,30,73,0,0,0,0,0,0
Santi Mina,4,25,1466,3,2,0,0,36,10,28,20,5,25,1,14,30,36,5,5,0,4,0,0,0,0,0,0,0,2,0,14,15,71,0,0,0,1,0,0
Sergi Enrich,4,21,1475,1,3,0,0,21,3,14,4,0,0,1,7,19,52,8,7,0,4,0,0,0,0,0,0,0,2,0,6,8,71,0,0,0,0,0,0
Rubn Prez,3,17,1478,0,0,0,0,14,2,14,6,0,0,0,3,25,23,28,19,0,7,0,1,0,0,0,0,0,4,0,10,5,75,0,6,0,0,0,0
Carlos Fernndez,4,24,1483,6,3,0,0,31,12,39,5,0,0,0,7,25,46,10,12,1,7,0,0,1,0,0,0,0,2,0,17,16,60,0,0,0,2,0,0
Takashi Inui,3,21,1483,1,3,0,0,33,9,27,36,4,11,0,14,21,25,14,7,0,2,0,0,1,0,0,0,0,4,0,18,18,81,0,0,0,0,0,0
Pedro Len,3,24,1485,1,0,0,0,25,11,44,137,36,26,0,17,13,17,14,17,0,3,0,0,0,0,0,0,0,0,0,14,32,67,47,22,5,4,1,0
Mario Gaspar,2,17,1498,0,1,0,0,13,100,8,22,700,32,0,9,8,25,21,17,0,2,0,0,0,0,0,0,0,9,0,3,1500,74,0,2,0,0,0,0
Jules Kound,2,20,1499,1,1,0,0,15,500,33,10,100,10,0,4,7,10,14,9,0,3,0,1,0,0,0,0,0,6,0,13,300,85,0,4,0,0,0,0
Maxime Gonalons,3,19,1506,0,0,0,0,6,4,67,1,0,0,0,2,25,36,20,40,0,7,0,0,0,0,0,0,0,3,0,12,8,81,0,7,0,0,0,0
Jorge Molina,4,25,1511,5,2,0,0,28,11,39,11,3,27,2,15,33,29,4,1,0,4,1,0,1,2,2,0,0,1,0,17,19,64,0,0,0,0,0,0
Darwin Machs,4,27,1512,6,3,0,0,52,21,40,90,17,19,1,14,29,29,19,10,0,3,0,0,0,1,1,0,0,2,0,40,25,73,24,16,2,1,1,0
ngel Correa,4,23,1514,5,6,0,0,38,14,37,27,7,26,2,19,28,19,9,8,0,5,0,0,0,0,0,0,0,4,0,30,20,77,6,0,0,1,0,0
Borja Mayoral,4,24,1514,5,1,0,0,32,12,38,17,3,18,0,8,22,17,2,2,0,2,0,0,0,0,0,0,0,0,0,21,15,79,0,0,0,0,0,0
Enis Bardhi,3,22,1523,2,2,0,0,38,11,29,47,8,17,1,14,31,33,10,11,0,4,0,0,1,0,0,0,0,3,0,25,21,76,15,8,1,9,3,0
Takefusa Kubo,3,25,1528,3,2,0,0,32,15,47,56,8,14,0,20,46,28,16,17,0,2,0,0,2,0,0,0,0,0,0,36,19,70,11,6,1,2,2,0
Andrs Guardado,3,20,1529,0,3,0,0,10,4,40,14,4,29,0,4,16,29,15,12,0,9,0,1,0,0,0,0,0,4,0,14,22,84,1,2,0,0,0,0
Ivn Cullar,1,17,1532,0,0,41,23,0,0,0,0,0,0,0,1,2,0,1,0,0,3,1,0,0,0,0,0,0,0,0,0,0,46,0,8,0,0,0,0
Carlos Neva,2,18,1539,0,0,0,0,5,300,60,56,700,13,0,14,28,6,18,4,0,1,0,0,0,0,0,0,0,1,0,4,600,70,0,3,0,0,0,0
Nacho Vidal,2,19,1554,0,0,0,0,12,200,17,48,600,13,1,8,25,22,35,18,0,5,0,1,0,0,0,0,0,6,0,24,1700,71,0,7,0,0,0,0
Robin Le Normand,2,21,1557,1,0,0,0,6,100,17,0,0,0,0,1,12,18,9,16,0,5,0,1,0,0,0,0,0,6,0,0,0,88,0,6,0,0,0,0
Maxi Gmez,4,23,1561,9,2,0,0,31,17,55,6,0,0,0,7,48,36,5,7,0,5,0,0,0,1,0,0,0,0,0,7,11,63,0,1,0,0,0,0
Loren Morn,4,27,1571,9,2,0,0,40,13,33,6,2,33,3,7,35,20,7,11,0,2,1,0,0,0,0,0,0,6,0,8,14,66,0,0,0,0,0,0
Francis Coquelin,3,20,1577,0,0,0,0,9,1,11,1,0,0,0,1,24,27,36,18,0,7,1,1,1,0,0,0,0,8,0,15,3,89,0,3,0,0,0,0
Ximo Navarro,2,18,1580,0,0,0,0,5,100,20,18,200,11,0,4,21,27,44,17,0,8,0,0,0,0,0,0,0,6,0,5,300,77,0,5,0,0,0,0
David Lpez,3,22,1581,2,2,0,0,10,5,50,10,5,50,0,4,19,27,21,14,0,4,1,0,0,0,0,0,0,8,0,3,13,79,0,6,0,0,0,0
Vctor Snchez,3,21,1581,0,1,0,0,8,1,13,68,18,26,0,2,29,46,25,35,0,10,1,2,0,0,0,0,0,7,1,11,22,81,15,21,3,1,0,0
Chimy vila,4,20,1590,9,2,0,0,70,28,40,22,4,18,2,20,43,46,4,12,0,6,0,0,1,0,0,0,0,0,0,16,22,59,0,0,0,0,0,0
Kieran Trippier,2,20,1591,0,3,0,0,3,0,0,113,2800,25,0,15,11,19,20,29,0,2,0,1,0,0,0,0,0,5,0,12,3200,75,41,21,3,2,0,0
Chidozie Awaziem,2,19,1595,0,0,0,0,8,0,0,5,200,40,0,1,11,17,27,17,0,7,0,0,0,0,0,0,0,15,1,6,400,75,0,19,0,0,0,0
Diego Javier Llorente,2,19,1607,0,1,0,0,5,100,20,0,0,0,0,0,12,15,19,11,0,4,1,0,1,0,0,0,0,7,1,4,300,87,0,4,0,0,0,0
Lumor Agbenyenu,2,20,1608,0,0,0,0,12,100,8,68,1200,18,0,12,9,13,23,17,0,5,1,0,0,0,0,0,0,2,0,27,1500,74,0,2,0,0,0,0
Martn Aguirregabiria,2,23,1620,0,1,0,0,3,100,33,25,700,28,0,3,16,27,11,21,0,3,0,1,0,0,0,0,0,4,0,13,700,69,0,4,0,0,0,0
Joan Jordan,3,24,1623,2,2,0,0,22,5,23,76,25,33,1,11,21,49,14,25,0,5,0,0,1,0,0,0,0,5,1,25,30,87,34,21,3,6,2,1
Rodrigo Ely,2,19,1640,1,0,0,0,4,100,25,2,0,0,0,1,12,25,32,12,0,7,0,0,0,0,0,0,0,14,0,2,100,77,0,18,0,0,0,0
Yangel Herrera,3,21,1643,2,2,0,0,24,4,17,5,0,0,0,2,38,60,24,42,0,10,0,0,0,0,0,0,0,8,0,12,10,77,0,2,0,0,0,0
Pape Diop,3,21,1646,1,0,0,0,20,6,30,7,1,14,0,5,27,37,28,19,0,6,0,0,0,0,0,0,0,3,0,2,11,74,1,1,0,0,0,0
lvaro Morata,4,24,1647,8,1,0,0,57,27,47,10,1,10,1,19,51,46,4,7,0,5,1,0,0,2,1,0,0,2,0,14,21,66,0,0,0,0,0,0
Roque Mesa,3,21,1648,1,2,0,0,19,8,42,41,12,29,0,8,39,28,6,18,0,8,0,0,0,0,0,0,0,4,0,30,20,84,12,6,1,1,1,0
Oier Sanjurjo,3,20,1656,2,0,0,0,14,5,36,8,3,38,0,4,31,32,21,25,0,10,1,0,0,0,0,0,0,4,1,6,10,71,0,0,0,0,0,0
Hugo Mallo,2,22,1657,0,1,0,0,5,200,40,63,900,14,0,5,23,23,21,31,0,7,0,0,0,0,0,0,0,6,0,3,900,80,1,6,0,0,0,0
Iker Munian,3,21,1657,5,2,0,0,22,11,50,41,7,17,0,12,42,19,8,14,0,1,1,0,0,0,0,0,0,0,0,49,31,86,16,10,2,1,0,0
Edu Expsito,3,26,1674,2,1,0,0,19,10,53,10,2,20,1,4,10,20,29,22,0,3,0,0,0,0,0,0,0,4,0,16,16,84,0,3,0,0,0,0
Germn Snchez,2,20,1680,2,0,0,0,8,400,50,0,0,0,0,2,18,20,25,8,0,10,1,0,0,0,0,0,0,17,0,1,0,80,0,15,0,0,0,0
Darko Brasanac,3,21,1682,0,1,0,0,19,8,42,12,1,8,0,11,17,45,14,24,0,7,0,0,1,0,0,0,0,4,0,5,18,76,0,1,0,0,0,0
Paulo Oliveira,2,20,1683,1,0,0,0,10,300,30,3,100,33,0,3,13,16,38,16,0,7,1,0,0,0,0,0,1,12,1,2,200,69,0,10,0,0,0,0
Luuk de Jong,4,25,1685,5,1,0,0,47,18,38,3,1,33,3,9,33,24,7,10,0,2,0,0,1,0,0,0,0,1,0,8,18,68,0,0,0,0,0,0
Javi Moyano,2,20,1687,0,0,0,0,4,0,0,27,700,26,0,0,17,17,19,9,0,3,0,1,0,0,0,0,0,4,0,10,1200,72,0,5,0,0,0,0
Kenneth Omeruo,2,20,1688,1,0,0,0,3,100,33,0,0,0,0,0,6,15,33,16,0,5,0,1,0,0,0,0,0,12,0,2,300,70,0,4,0,0,0,0
Clment Lenglet,2,19,1689,2,1,0,0,8,300,38,0,0,0,0,1,18,23,26,26,0,9,2,1,0,0,0,0,0,10,0,4,500,92,0,3,0,0,0,0
Rafinha Alcntara,3,23,1695,2,1,0,0,28,7,25,29,4,14,0,12,82,25,27,21,0,2,0,0,0,0,0,0,0,2,0,45,22,88,9,5,0,0,0,0
Bernardo Espinosa,2,19,1710,3,0,0,0,19,600,32,1,0,0,0,2,16,22,16,14,0,4,0,0,0,0,0,0,0,10,1,2,300,70,0,8,0,0,0,0
Youssef En Nesyri,4,26,1728,7,2,0,0,53,21,40,14,3,21,1,10,23,26,5,9,0,2,0,0,0,0,0,0,0,2,0,18,8,57,0,0,0,0,0,0
Joaqun nchez,3,27,1729,8,2,0,0,29,14,48,70,16,23,2,19,20,10,16,4,0,3,0,0,0,3,2,0,0,2,0,46,47,83,25,14,1,4,1,0
Roger Mart,4,27,1739,11,0,0,0,49,23,47,13,1,8,0,9,26,47,3,9,0,6,1,0,2,4,4,0,1,0,0,7,16,66,0,0,0,0,0,0
Natxo Monreal,2,20,1755,2,0,0,0,13,400,31,41,1100,27,0,11,11,26,31,11,0,1,0,0,0,0,0,0,0,4,0,7,1100,83,0,3,0,0,0,0
scar Rodrguez,3,27,1758,8,2,0,0,54,24,44,87,22,25,1,15,35,29,17,10,0,5,1,0,0,2,2,0,0,0,0,37,26,74,27,23,2,14,7,3
Renan Lodi,2,24,1759,1,2,0,0,13,200,15,70,1600,23,0,9,34,29,32,30,0,5,1,0,0,0,0,0,0,5,0,12,1700,80,0,0,0,0,0,0
Manu Garca,3,25,1765,0,0,0,0,18,6,33,3,0,0,1,3,36,52,21,22,0,10,1,3,0,0,0,0,0,12,0,6,2,71,0,1,0,0,0,0
Jos Gay,2,21,1768,0,1,0,0,7,200,29,73,1000,14,0,12,27,15,16,31,0,4,0,0,1,0,0,0,0,7,0,28,900,80,0,2,0,0,0,0
Zambo Anguissa,3,26,1773,1,0,0,0,25,7,28,10,1,10,0,4,26,32,30,34,0,6,0,0,0,0,0,0,0,4,0,65,14,86,0,2,0,0,0,0
Mchel Herrero,3,24,1780,1,1,0,0,9,2,22,83,17,20,0,13,13,27,28,25,0,4,0,0,0,1,1,0,0,4,0,16,24,81,47,46,3,2,0,0
Cristian Portu,3,24,1784,7,8,0,0,29,14,48,78,19,24,0,18,17,24,8,15,0,5,0,0,0,1,0,0,0,2,0,9,29,72,25,3,0,0,0,0
Fern Torres,3,26,1794,4,4,0,0,27,10,37,65,9,14,0,19,29,15,11,14,0,4,0,0,0,0,0,0,0,2,0,44,21,79,0,1,0,0,0,0
lex Remiro,1,20,1800,0,0,51,24,1,0,0,0,0,0,0,0,4,0,0,0,0,0,0,0,0,0,0,1,0,0,1,0,0,73,0,4,0,0,0,0
Enes nal,4,25,1800,5,2,0,0,43,15,35,8,3,38,0,14,46,32,6,9,0,2,0,0,1,1,1,0,0,4,0,16,22,65,0,0,0,2,0,0
Rben Vezo,2,20,1800,1,0,0,0,9,300,33,0,0,0,0,1,21,23,25,14,0,4,0,2,1,0,0,0,0,22,0,3,200,80,0,12,0,0,0,0
Felipe,2,21,1802,1,0,0,0,18,500,28,1,0,0,0,6,12,24,38,18,0,6,0,0,0,0,0,0,0,11,0,4,500,77,0,11,0,0,0,0
Lago Jnior,4,25,1805,4,0,0,0,30,12,40,47,6,13,1,22,36,32,11,14,0,2,0,2,0,3,3,0,0,5,0,23,15,77,0,0,0,0,0,0
Sergi Roberto,2,23,1809,1,2,0,0,5,200,40,24,700,29,0,8,31,17,24,15,0,7,0,0,0,0,0,0,0,2,0,11,1700,91,0,0,0,0,0,0
Anaitz Arbilla,2,21,1812,1,0,0,0,14,200,14,24,500,21,0,3,11,20,28,18,0,5,0,0,0,0,0,0,0,3,0,7,500,75,0,24,0,3,0,0
Roberto Soldado,4,24,1820,2,4,0,0,20,7,35,12,2,17,0,9,38,34,4,8,0,12,0,0,1,1,1,0,0,3,0,8,23,72,0,0,0,2,1,0
Antonio Puertas,4,26,1821,5,0,0,0,32,10,31,33,6,18,1,12,32,27,9,19,0,5,0,0,0,0,0,0,0,2,0,33,10,73,1,1,0,0,0,0
Didac Vil,2,22,1832,0,0,0,0,11,300,27,47,600,13,0,13,23,24,29,33,0,5,0,0,0,0,0,0,0,2,0,6,1100,68,0,2,0,0,0,0
Jos ngel,2,21,1835,1,1,0,0,17,400,24,114,2900,25,1,14,13,21,28,20,0,4,0,1,0,0,0,0,0,7,0,24,2100,71,1,32,8,5,3,1
Moi Gmez,3,27,1842,4,3,0,0,32,12,38,69,21,30,0,15,20,17,18,17,0,1,0,0,1,0,0,0,0,1,0,19,26,83,3,0,0,1,0,0
Sergio Postigo,2,21,1842,1,0,0,0,4,200,50,0,0,0,0,1,10,15,27,10,0,5,0,0,0,0,0,0,0,12,0,6,800,82,0,8,0,0,0,0
Rub Garca,3,24,1857,6,2,0,0,47,14,30,129,39,30,2,19,24,39,10,22,0,5,0,0,0,1,1,0,0,5,0,20,45,76,60,28,4,8,2,0
Sergio Busquets,3,24,1867,2,2,0,0,8,4,50,1,0,0,0,2,41,32,36,39,0,8,0,1,0,0,0,0,0,3,0,18,20,89,0,9,0,0,0,0
ver Banega,3,24,1868,2,6,0,0,28,7,25,123,36,29,1,14,41,22,8,19,0,6,0,0,0,2,2,0,0,0,0,40,43,86,72,32,6,2,0,0
lex Moreno,2,24,1873,0,4,0,0,21,800,38,61,1700,28,0,25,29,27,21,18,1,3,0,2,0,0,0,0,0,7,1,39,2100,79,0,0,0,0,0,0
Allan Nyom,2,26,1879,2,0,0,0,10,300,30,73,1500,21,0,16,17,48,13,19,0,10,0,0,0,0,0,0,0,4,0,8,600,62,0,2,0,0,0,0
Santi Cazorla,3,25,1883,8,6,0,0,40,20,50,113,33,29,2,15,29,21,14,18,0,3,0,0,0,6,6,0,0,1,0,40,56,86,67,27,4,0,0,0
Aridane Hernndez,2,21,1890,3,0,0,0,10,300,30,0,0,0,1,1,10,12,22,15,0,5,0,1,0,0,0,0,0,12,1,3,300,79,0,11,0,0,0,0
Nabil Fekir,4,23,1912,7,3,0,0,74,25,34,42,12,29,2,18,87,50,12,23,0,7,1,0,4,1,1,0,0,3,0,71,27,83,9,4,0,4,1,0
Joseph Aidoo,2,24,1923,0,1,0,0,10,100,10,0,0,0,1,1,15,15,36,19,0,4,0,2,0,0,0,0,0,11,2,6,100,87,0,9,0,0,0,0
Thomas Teye,3,25,1927,2,0,0,0,21,3,14,23,3,13,0,4,23,38,36,32,0,10,0,1,0,0,0,0,0,6,0,45,16,83,14,8,0,1,0,0
Salva Sevilla,3,25,1930,3,3,0,0,22,10,45,104,25,24,1,18,15,25,18,15,0,9,1,0,0,3,2,0,0,3,0,7,50,87,67,53,3,8,3,0
Koke Resurreccin,3,23,1944,2,5,0,0,16,5,31,75,17,23,0,11,25,13,25,26,0,4,0,0,1,0,0,0,0,7,0,10,49,85,40,40,1,0,0,0
Lucas Prez,4,26,1944,11,5,0,0,39,17,44,101,31,31,0,25,9,21,2,5,0,3,0,0,0,5,5,0,0,2,0,21,49,71,34,24,12,2,0,0
Aissa Mandi,2,22,1946,0,0,0,0,7,100,14,1,0,0,1,0,14,23,35,14,0,8,0,0,0,0,0,0,0,11,0,6,400,90,0,6,0,0,0,0
Jaime Mata,4,24,1947,8,3,0,0,38,19,50,38,8,21,0,20,42,67,5,9,0,10,0,0,1,2,2,0,0,0,0,10,21,65,0,0,0,0,0,0
Sergio Reguiln,2,23,1951,1,4,0,0,23,500,22,94,2800,30,0,19,36,46,28,28,0,7,0,0,0,0,0,0,0,5,0,35,3600,81,0,7,0,0,0,0
Toni Kroos,3,25,1963,4,5,0,0,45,16,36,111,27,24,0,18,36,17,18,19,0,1,0,0,0,0,0,0,0,0,0,19,50,93,68,33,4,1,0,0
Unai Bustinza,2,25,1966,0,1,0,0,6,300,50,40,600,15,0,5,39,42,53,31,0,3,0,1,0,0,0,0,0,7,1,5,1400,69,0,19,0,0,0,0
Lionel Messi,4,23,1980,20,14,0,0,108,56,52,59,16,27,0,23,40,11,4,7,0,3,0,0,0,3,3,0,0,0,0,126,60,83,28,26,4,23,10,4
David Garca Z.,2,23,1983,0,0,0,0,13,400,31,1,0,0,0,1,12,30,29,11,0,4,0,0,0,0,0,0,0,13,0,1,500,72,0,23,0,0,0,0
Lucas Ocampos,3,23,1984,11,3,0,0,58,25,43,73,15,21,3,38,47,30,20,25,0,8,1,0,1,3,3,0,0,2,0,51,19,78,0,0,0,0,0,0
Igor Zubeldia,3,24,2004,0,1,0,0,11,0,0,5,1,20,0,2,18,41,14,18,0,7,0,2,0,0,0,0,0,17,0,13,4,88,0,0,0,0,0,0
Damin Surez,2,23,2013,1,4,0,0,15,400,27,125,2400,19,0,12,39,42,22,23,0,12,0,0,0,0,0,0,0,2,0,19,2500,65,45,44,1,5,2,0
Martin Odegaard,3,23,2015,4,5,0,0,42,14,33,93,28,30,0,17,29,22,9,14,0,3,0,0,0,0,0,0,0,0,0,57,54,85,48,41,7,3,1,1
Jos Luis Morales,4,28,2016,2,2,0,0,32,12,38,58,11,19,1,32,12,9,7,7,0,2,0,0,0,0,0,0,0,1,0,29,28,69,0,0,0,0,0,0
Jorge Miramn,2,25,2021,0,3,0,0,10,300,30,60,1500,25,0,15,20,14,34,23,0,4,0,2,0,0,0,0,0,8,1,12,2100,77,0,0,0,0,0,0
Daniel Carvajal,2,23,2025,1,5,0,0,13,600,46,87,1900,22,0,16,20,36,30,36,0,8,0,0,0,0,0,0,0,9,0,18,3700,87,0,1,0,0,0,0
Vctor Laguardia,2,23,2025,1,2,0,0,8,200,25,2,200,100,1,1,8,33,30,13,0,8,1,0,0,0,0,0,0,16,0,2,700,73,0,24,0,0,0,0
Aleix Vidal,3,26,2032,2,4,0,0,21,9,43,102,42,41,0,13,43,16,21,13,0,6,0,0,1,0,0,0,0,1,0,23,42,77,31,35,10,3,0,0
scar Plano,4,28,2034,3,2,0,0,34,12,35,35,9,26,0,14,48,39,30,22,0,4,0,0,1,0,0,0,0,2,0,12,20,73,5,2,0,0,0,0
Joseba Zaldua,2,24,2050,0,2,0,0,7,200,29,83,2000,24,0,19,48,31,35,28,0,6,0,1,0,0,0,0,1,7,0,14,1200,78,0,2,0,0,0,0
Joselu Sanmartn,4,26,2054,9,2,0,0,61,21,34,3,1,33,1,9,41,39,10,13,0,5,0,0,1,0,0,0,0,3,0,11,12,54,0,0,0,1,0,0
Marc Bartra,2,24,2062,2,1,0,0,19,300,16,1,0,0,0,0,25,27,30,29,0,6,0,2,0,0,0,0,0,19,0,10,400,84,0,8,0,0,0,0
Roberto Torres,3,26,2068,6,7,0,0,66,20,30,116,26,22,4,19,26,14,21,11,0,1,0,1,0,5,5,0,0,2,0,13,30,71,39,20,2,9,2,0
Frenkie de Jong,3,27,2071,2,2,0,0,4,4,100,3,1,33,0,4,28,23,23,20,0,3,1,0,0,0,0,0,0,7,0,44,24,92,0,0,0,0,0,0
Antonio Raillo,2,24,2083,1,0,0,0,13,200,15,0,0,0,0,1,7,24,17,19,0,6,1,2,0,0,0,0,0,19,0,3,400,81,0,12,0,0,0,0
Gabriel Paulista,2,24,2088,1,0,0,0,6,200,33,1,0,0,0,2,17,14,45,11,0,5,0,0,0,0,0,0,0,26,0,5,0,89,0,7,0,0,0,0
Nemanja Maksimovic,3,25,2112,2,0,0,0,24,9,38,6,3,50,1,4,9,15,39,24,0,5,0,0,0,0,0,0,0,5,0,10,5,70,0,0,0,0,0,0
Emerson de Souza,2,24,2115,3,5,0,0,24,500,21,53,1300,25,0,12,63,30,25,33,0,9,0,0,0,0,0,0,0,8,0,10,2000,78,0,6,0,0,0,0
Gerard Moreno,4,26,2115,11,3,0,0,72,25,35,52,9,17,2,13,35,28,11,8,0,4,0,0,2,1,0,0,0,2,0,47,41,75,0,0,0,0,0,0
Iddrisu Baba,3,26,2116,0,0,0,0,8,1,13,2,0,0,0,1,47,32,31,29,0,5,0,3,0,0,0,0,1,7,0,34,5,80,0,0,0,0,0,0
Ante Budimir,4,26,2129,9,2,0,0,42,13,31,3,1,33,2,12,49,55,5,11,0,6,0,0,1,0,0,0,0,4,0,13,10,64,0,0,0,0,0,0
Sergi Guardiola,4,26,2136,6,2,0,0,47,16,34,30,1,3,1,18,45,41,6,8,0,6,0,0,0,0,0,0,0,0,0,25,13,71,0,0,0,2,1,1
Fabin Orellana,3,25,2138,7,6,0,0,39,17,44,106,34,32,0,29,47,20,19,17,0,8,1,0,1,4,3,0,0,0,0,60,39,77,62,8,1,1,0,0
Sergi Darder,3,27,2149,2,1,0,0,43,8,19,52,17,33,1,7,23,23,18,20,0,2,0,0,0,0,0,0,0,1,1,16,26,75,28,32,1,0,0,0
Martin Braithwaite,4,28,2153,7,1,0,0,50,24,48,12,0,0,1,15,32,31,5,8,0,3,0,0,0,1,0,0,0,2,0,41,15,70,0,0,0,1,0,0
Mikel Oyarzabal,3,26,2154,8,6,0,0,50,19,38,69,14,20,0,19,37,27,11,12,0,3,0,0,0,4,4,0,0,1,1,57,32,77,2,10,1,0,0,0
Marc Roca,3,25,2157,2,1,0,0,26,5,19,40,12,30,0,9,17,55,23,40,0,7,0,0,0,2,2,0,0,8,1,11,23,81,7,23,7,2,1,0
Pau Torres,2,25,2160,1,1,0,0,7,100,14,2,0,0,0,1,5,25,20,15,0,4,0,2,0,0,0,0,0,19,0,6,800,84,0,10,0,0,0,0
Raphal Varane,2,24,2160,2,1,0,0,8,200,25,2,0,0,0,1,6,13,22,17,0,2,0,0,0,0,0,0,0,12,0,6,300,87,0,4,0,0,0,0
Thibaut Courtois,1,24,2160,0,0,47,16,1,1,100,0,0,0,0,0,2,0,0,0,0,0,0,0,0,0,0,0,0,0,0,0,0,74,0,3,0,0,0,0
Fernando Pacheco,1,25,2178,0,0,64,34,0,0,0,0,0,0,0,0,1,1,0,0,0,0,1,0,0,0,0,3,0,0,0,0,1,55,0,12,0,0,0,0
Fernando Reges,3,25,2178,2,2,0,0,11,3,27,2,1,50,0,3,19,34,47,29,0,10,0,0,0,0,0,0,0,10,0,11,7,87,0,3,0,0,0,0
Ral Garca,3,26,2179,9,1,0,0,59,24,41,29,5,17,1,22,46,62,16,27,0,8,0,0,1,5,5,0,0,3,0,5,18,57,0,0,0,0,0,0
Jonathan Silva,2,25,2182,0,0,0,0,16,200,13,111,3100,28,0,15,31,31,26,32,0,11,0,0,0,0,0,0,1,3,0,10,2400,72,10,26,2,3,0,0
Antoine Griezmann,4,27,2184,8,4,0,0,48,21,44,21,5,24,0,14,16,9,10,15,0,2,0,0,0,0,0,0,0,2,0,16,28,82,3,1,0,0,0,0
Mauro Arambarri,3,25,2184,1,1,0,0,31,5,16,26,5,19,0,9,43,60,36,25,0,9,1,0,0,0,0,0,0,4,0,25,8,70,2,7,1,4,0,0
Vicente Iborra,3,27,2185,0,2,0,0,17,2,12,3,1,33,0,0,37,48,37,39,0,10,0,1,0,0,0,0,0,13,0,8,8,86,0,6,0,0,0,0
Daniel Wass,2,26,2202,1,6,0,0,16,400,25,70,700,10,0,16,29,25,27,20,0,5,0,0,0,0,0,0,0,3,0,8,1900,80,1,1,0,0,0,0
Ander Capa,2,26,2230,2,4,0,0,15,600,40,82,1300,16,0,17,13,40,25,27,0,10,0,0,0,0,0,0,0,5,0,36,1900,76,0,2,0,0,0,0
Yuri Berchiche,2,25,2242,2,1,0,0,30,800,27,81,1500,19,0,20,43,25,24,27,0,4,0,1,0,0,0,0,0,3,0,34,2600,82,0,6,1,2,0,0
Mikel Merino,3,26,2248,3,1,0,0,29,6,21,25,4,16,2,7,60,55,39,38,0,5,0,0,1,0,0,0,0,6,0,27,25,77,0,1,0,0,0,0
igo Martnez,2,25,2250,0,1,0,0,24,300,13,14,500,36,0,3,32,25,36,23,0,8,0,0,0,0,0,0,1,9,0,6,900,79,0,30,0,4,0,0
Leandro Cabrera,2,26,2250,2,0,0,0,10,300,30,9,200,22,1,6,14,22,30,12,1,4,0,0,0,0,0,0,0,10,0,3,600,57,0,34,0,0,0,0
Sergio Asenjo,1,25,2250,0,0,74,30,0,0,0,0,0,0,0,2,4,2,0,0,0,1,0,1,0,0,0,1,0,0,0,0,0,69,0,6,0,0,0,0
Unai Simn,1,25,2250,0,0,60,21,0,0,0,0,0,0,0,0,2,1,1,0,0,2,0,0,0,0,0,0,0,0,1,0,0,55,0,4,0,0,0,0
Nstor Araujo,2,26,2262,1,1,0,0,10,300,30,0,0,0,0,2,8,21,42,23,0,8,0,0,0,0,0,0,0,17,0,1,200,84,0,9,0,0,0,0
Vctor Daz,2,26,2265,0,5,0,0,14,0,0,101,2100,21,0,11,9,16,39,36,0,4,0,0,0,0,0,0,0,19,0,6,2600,67,4,18,2,0,0,0
Sergio Ramos,2,26,2279,6,0,0,0,31,1200,39,1,0,0,0,5,20,37,36,23,0,7,0,1,0,3,3,0,0,7,2,6,200,91,0,10,0,3,0,0
Iaki Williams,4,28,2282,6,0,0,0,37,21,57,46,15,33,2,19,37,20,5,4,0,3,0,0,1,2,1,0,0,0,0,39,23,75,0,0,0,0,0,0
Dani Rodrguez,3,28,2285,5,1,0,0,40,11,28,33,10,30,0,9,50,48,27,28,0,5,0,0,2,1,1,0,0,4,0,31,24,83,5,10,3,1,1,1
Dani Parejo,3,26,2300,8,3,0,0,28,13,46,127,41,32,0,14,76,20,20,33,0,6,1,1,1,5,5,0,0,10,0,27,45,86,87,60,8,15,5,2
Karim Benzema,4,27,2304,14,6,0,0,96,42,44,18,0,0,5,16,11,15,6,6,0,0,0,0,0,3,3,0,0,1,1,28,45,85,0,0,0,1,0,0
Carlos Casemiro,3,26,2309,3,2,0,0,34,7,21,18,5,28,0,4,41,69,57,56,1,10,0,0,0,0,0,0,0,8,0,19,9,83,0,6,1,3,0,0
Gerard Piqu,2,26,2309,1,0,0,0,9,500,56,0,0,0,2,0,15,25,28,16,1,11,0,2,0,0,0,0,0,20,0,4,400,91,0,11,0,1,1,0
Diego Carlos,2,26,2324,2,0,0,0,17,300,18,4,300,75,0,1,7,35,24,19,1,7,0,1,0,0,0,0,0,17,1,6,700,82,0,20,0,0,0,0
Pervis J. Estupin,2,26,2336,1,3,0,0,14,200,14,118,3100,26,0,15,29,28,48,37,0,6,0,0,0,0,0,0,0,6,1,48,3500,74,0,3,0,1,0,0
Dakonam Djen,2,26,2340,0,0,0,0,3,100,33,8,300,38,0,0,19,36,24,21,0,3,0,1,0,0,0,0,1,6,0,9,700,70,0,9,0,0,0,0
Lucas Olaza,2,26,2340,1,3,0,0,14,500,36,164,3800,23,0,26,18,20,28,27,0,4,0,0,1,0,0,0,0,11,1,11,2800,78,32,29,5,5,2,1
Marko Dmitrovic,1,26,2340,0,0,56,41,0,0,0,0,0,0,0,1,1,1,2,1,0,3,0,0,0,0,0,1,0,0,0,0,0,44,0,9,0,0,0,0
Rubn Blanco,1,26,2340,0,0,81,34,0,0,0,0,0,0,0,0,4,1,0,1,0,4,0,1,0,0,0,0,0,0,0,0,0,57,0,8,0,0,0,0
Rubn Duarte,2,26,2340,0,1,0,0,16,700,44,55,1200,22,0,9,33,37,39,28,0,9,0,4,1,0,0,0,0,7,0,3,900,69,1,11,0,0,0,0
Yeray lvarez,2,26,2340,0,0,0,0,11,200,18,12,300,25,0,4,25,15,51,17,0,2,0,1,0,0,0,0,0,17,0,10,500,78,0,23,1,0,0,0
Joel Robles,1,27,2347,0,0,75,38,0,0,0,0,0,0,0,0,1,1,0,0,0,3,1,0,0,0,0,0,0,0,1,0,0,70,0,11,0,0,0,0
Dani Garca,3,27,2369,0,0,0,0,11,0,0,4,1,25,0,1,28,43,38,28,0,6,0,0,0,0,0,0,0,3,0,8,10,81,0,5,1,0,0,0
Domingos Duarte,2,27,2380,2,0,0,0,9,300,33,0,0,0,0,2,17,27,25,10,1,6,0,3,0,0,0,0,0,19,0,4,0,80,0,32,0,0,0,0
Sergio Canales,3,27,2382,4,4,0,0,35,12,34,99,28,28,2,17,33,19,11,13,0,4,0,1,0,2,2,0,0,1,0,33,52,88,28,39,4,3,1,1
Tom Vaclk,1,27,2385,0,0,50,27,0,0,0,0,0,0,0,0,3,0,0,0,0,0,0,0,0,0,0,1,0,0,0,0,0,65,0,4,0,0,0,0
Jos Campaa,3,27,2387,2,5,0,0,30,6,20,135,33,24,0,19,43,22,27,17,1,4,1,1,0,0,0,0,0,5,0,47,59,81,73,35,3,3,2,1
Marc Cucurella,3,27,2395,1,5,0,0,21,5,24,84,19,23,1,7,49,53,20,45,0,6,0,0,1,0,0,0,0,7,0,23,40,67,1,9,3,1,0,0
Iago Aspas,4,27,2418,9,2,0,0,66,30,45,20,5,25,0,24,50,21,14,12,0,6,0,0,1,3,2,0,0,0,0,42,38,78,2,1,0,8,2,0
Diego Lpez,1,27,2422,0,0,77,46,0,0,0,0,0,0,0,0,5,1,2,1,0,4,1,0,0,0,0,0,0,0,0,2,1,52,0,12,0,0,0,0
Ral Albiol,2,27,2427,1,0,0,0,13,300,23,3,100,33,0,4,17,25,33,19,0,8,0,2,0,0,0,0,0,18,0,2,300,84,0,7,0,0,0,0
Kiko Olivas,2,27,2430,1,0,0,0,5,300,60,0,0,0,0,1,24,10,48,11,0,1,0,1,0,0,0,0,0,14,0,7,300,87,0,17,0,0,0,0
Manolo Reina,1,27,2430,0,0,93,45,0,0,0,0,0,0,0,1,7,0,5,0,0,4,0,0,0,0,0,1,0,0,1,0,0,56,0,7,0,0,0,0
Marc-Andr ter Stegen,1,27,2430,0,2,59,29,0,0,0,0,0,0,0,0,2,0,1,2,1,0,0,0,0,0,0,1,0,0,3,0,2,86,0,4,0,0,0,0
Rui Silva,1,27,2430,0,0,79,32,0,0,0,0,0,0,0,1,3,0,0,0,0,1,0,0,0,0,0,0,0,0,2,1,1,52,0,59,0,0,0,0
Sal guez,3,27,2430,3,0,0,0,37,9,24,28,5,18,0,16,21,48,45,47,0,6,0,0,0,0,0,0,0,10,0,19,12,78,0,1,0,3,0,0
Mohammed Salisu,2,28,2455,1,1,0,0,6,100,17,1,100,100,0,0,10,20,33,21,1,3,0,2,0,0,0,0,0,23,1,10,100,81,0,11,0,0,0,0
Jan Oblak,1,28,2495,0,0,62,22,0,0,0,0,0,0,0,0,7,0,1,0,0,0,0,0,0,0,0,0,0,0,1,1,0,55,0,11,0,0,0,0
Jess Navas,2,28,2518,0,4,0,0,9,200,22,179,4400,25,0,31,21,14,22,14,0,4,0,0,0,0,0,0,0,3,0,30,4600,80,0,1,0,0,0,0
Aitor Fernndez,1,28,2520,0,0,128,41,0,0,0,0,0,0,0,1,4,0,3,1,0,2,0,0,0,0,0,2,0,0,1,0,1,59,0,4,0,0,0,0
David Soria,1,28,2520,0,0,58,27,0,0,0,0,0,0,0,1,0,1,0,0,0,1,0,0,0,0,0,1,1,0,2,0,0,41,0,31,0,0,0,0
Jordi Masip,1,28,2520,0,0,72,34,0,0,0,0,0,0,0,1,1,0,0,1,0,2,0,0,0,0,0,0,0,0,3,0,1,47,0,11,0,0,0,0
Martin Valjent,2,28,2520,0,0,0,0,12,300,25,1,100,100,1,2,8,14,32,14,0,4,0,0,0,0,0,0,0,15,0,5,400,82,0,12,0,0,0,0
